{
  "day_1": [
    {
      "exercise_name": "Barbell Bench Press",
      "sets": 4,
      "reps": 8,
      "working_weight": "75 kg",
      "relax_time": "90 seconds",
      "video_link": "https://www.youtube.com/watch?v=lgnoqGjXVa8"
    },
    {
      "exercise_name": "Dumbbell Bicep Curl",
      "sets": 3,
      "reps": 10,
      "working_weight": "15 kg (each dumbbell)",
      "relax_time": "60 seconds",
      "video_link": "https://www.youtube.com/watch?v=swVhB1Vf4tw"
    },
    {
      "exercise_name": "Dumbbell Bicep Curl",
      "sets": 3,
      "reps": 10,
      "working_weight": "15 kg (each dumbbell)",
      "relax_time": "60 seconds",
      "video_link": "https://www.youtube.com/watch?v=swVhB1Vf4tw"
    },
    {
      "exercise_name": "Squat",
      "sets": 5,
      "reps": 6,
      "working_weight": "100 kg",
      "relax_time": "120 seconds",
      "video_link": "https://www.youtube.com/watch?v=nEQQle9-0NA"
    }
  ],
  "day_2": [
    {
      "exercise_name": "Overhead Press",
      "sets": 4,
      "reps": 8,
      "working_weight": "50 kg",
      "relax_time": "90 seconds",
      "video_link": "https://www.youtube.com/watch?v=GfKFhcwmI94"
    },
    {
      "exercise_name": "Deadlift",
      "sets": 4,
      "reps": 5,
      "working_weight": "120 kg",
      "relax_time": "120 seconds",
      "video_link": "https://www.youtube.com/watch?v=cD8zGnT2n_A"
    }
  ],
  "day_3": [
    {
      "exercise_name": "Push-up",
      "sets": 3,
      "reps": "Max",
      "working_weight": "Bodyweight",
      "relax_time": "60 seconds",
      "video_link": "https://www.youtube.com/watch?v=IODxDxX7oi4"
    },
    {
      "exercise_name": "Pull-up",
      "sets": 3,
      "reps": "Max",
      "working_weight": "Bodyweight",
      "relax_time": "60 seconds",
      "video_link": "https://www.youtube.com/watch?v=eGo4IYlbE5g"
    }
  ]
}
